<?xml version="1.0" encoding="utf-8"?>
<!DOCTYPE install PUBLIC "-//Joomla! 1.6//DTD template 1.0//EN" "http://www.joomla.org/xml/dtd/1.6/template-install.dtd">
<extension version="1.6" type="template" client="site">
<name>td_cletra</name>
<creationDate>2012-05-13</creationDate>
<version>2.5.x</version>
<author>joomlatd</author>
<authorUrl>http://www.joomlatd.com</authorUrl>
<description>Joomlatd Joomla 2.5 Template</description>
<files>
<folder>images</folder>
<folder>joomla_images</folder>
<folder>css</folder>
<folder>html</folder>
<folder>classes</folder>
<folder>header</folder>
<file>template_thumbnail.png</file>
<file>template_preview.png</file>
<file>classes.php</file>
<file>jquery.js</file>
<file>script.js</file>
<file>component.php</file>
<file>functions.php</file>
<file>index.html</file>
<file>index.php</file>
<file>footer.php</file>
</files>
<positions>
<position>banner1</position>
<position>banner2</position>
<position>banner3</position>
<position>user3</position>
<position>banner5</position>
<position>banner6</position>
<position>user7</position>
<position>user8</position>
<position>user9</position>
<position>breadcrumb</position>
<position>copyright</position>
<position>debug</position>
<position>extra1</position>
<position>extra2</position>
<position>right</position>
<position>syndicate</position>
<position>top1</position>
<position>top2</position>
<position>top3</position>
<position>user1</position>
<position>user2</position>
<position>mainmenu</position>
<position>user4</position>
<position>user5</position>
</positions>

<config>
<fields name="params">
<fieldset name="advanced">
<field name="logoType" type="list" default="image" label="TPL_SITE_LOGOTYPE" description="TPL_SITE_LOGOTYPE_DESCRIPTION">
<option value="image">Image</option>
<option value="text">Text</option>
</field>
<field name="textoflogo" type="text" size="50" label="TPL_SITE_TITLE" description="TPL_SITE_TITLE_DESCRIPTION" />
<field name="textofslogan" type="text" size="50" label="TPL_SITE_SLOGAN" description="TPL_SITE_SLOGAN_DESCRIPTION" />
<field name="show-header" type="list" default="1" label="Show flash header" description="Show Slideshow in all pages or only in fronpage">
<option value="0">All pages</option>
<option value="1">Only Fronpage</option>
</field>
</fieldset>
</fields>
</config>

<languages folder="language">
<language tag="en-GB">en-GB.tpl_td_cletra.ini</language>
</languages>
</extension>