id,reference,project,ticket type,name,external reference,urgency,creation date/time,issuer,requestor,origin type,origin id,duplicate ticket,context,operating system,browser,product,original version,description,planning activity,status,responsible,criticality,priority,initial due date/time,actual due date/time,planned work,real work,left work,handled,handled time,done,done time,closed,closed time,target version,result
1531,"QACLI-ANO-122","QA Command Line Interface","Anomaly / Bug","qacli cannot accept a long list of files to analyze","","Urgent",2013-09-16 08:21:00,"jmasters","",,,"","","Windows 7","","QA-Framework","QAF_v.1.0","When analyzing a large number of files on the command line  making the parameter to the -F option exceed about 4015 characters results in a:
CreateProcess failed Error 3: The system cannot find the path specified.
error.
See the attached longcmd.bat file: the command works  but add one more character to the last file name and the above error occurs.
http://support.microsoft.com/kb/830473 says the limit for cmd on Win7 is 8191  so this implies the limit is inside qacli. Either way  the advice is to allow specification of a file that contains the long string. Like -list or -via.","","assigned","Colin Bradshaw","High","High priority",2013-09-18 08:21:00,2013-09-18 08:21:00,0.00000,0.00000,0.00000,1,2013-09-16 12:32:00,0,,0,,"",""
1502,"GUI-ANO-692","NEW_GUI","Anomaly / Bug","Without middot spelling between QA Framework at the installation process","","Not urgent",2013-09-13 13:39:00,"MDanyliuk","",,,"","","Windows 7","","QA-Framework","","OS: Windows 7 x64
Build: QA-Framework-1.0.0-1461-Win-RC4

Steps to Reproduce:
1. Open installer of QA-Framework-1.0.0-1461-Win-RC4-->
2. Verify spelling of 'QA Framework'

Actual Result: QA Framework has not middot betwen QA and Framework (see attachment)
Expected Result: QA Framework should writting by middot between QA and Framework","","assigned","Daniel Dunbar","Low","Low priority",,,0.00000,0.00000,0.00000,1,2013-09-13 15:39:00,0,,0,,"",""
1455,"GUI-ANO-668","NEW_GUI","Anomaly / Bug","Dialog box has wrong spelling during uninstallation","","Not urgent",2013-09-07 14:54:00,"MDanyliuk","",,,"","","Windows 7","","QA-Framework","","OS: Windows 7 x86
Build: QA-Framework-1.0.0-1437-Win-RC3

Steps to reproduce:
1. Install QA-Framework
2. Launch QA Framework 
3. Go to 'My Computer'-->click 'Uninstall or change a program' in the top menu
4. Select QA Framework 
5. Click 'Uninstall' in the top menu
6. Uninstallation starts--> dialog window that the QAGUI.EXE should be closed before uninstallation is appeared
7. Verify spelling in this dialog window

Actual Result: 
'The following applications should be closed before continuing the installation' at the top of window above the 'qagui.exe' (See attachment)

Expection Result:
'The following applications should be closed before continuing the uninstallation' at the top of window above the 'qagui.exe'","","re-opened","Daniel Dunbar","Low","Low priority",,,0.00000,0.00000,0.00000,0,,0,,0,,"","Removed uninstall confirmation."
1454,"GUI-ANO-667","NEW_GUI","Anomaly / Bug","Qagui.exe can't be closed during un-installation","","Not urgent",2013-09-07 14:39:00,"MDanyliuk","",,,"","","Windows 7","","QA-Framework","","OS: Windows 7 x86
Build: QA-Framework-1.0.0-1437-Win-RC3

Steps to reproduce:
1. Install QA-Framework
2. Launch QA Framework 
3. Go to 'My Computer'-->click 'Uninstall or change a program' in the top menu
4. Select QA Framework 
5. Click 'Uninstall' in the top menu
6. Uninstallation starts--> dialog window that the QAGUI.EXE should be closed before uninstallation is appeared
7. Select 'Automatically close applications and attempt to restart them after setup is complete'-->Click 'OK'
8. Dialog window that qagui.exe cant be closed is appeared (see attachment)

Actual Result: 
qagui.exe was not closed

Expection Result:
qagui.exe should be closed","","assigned","Daniel Dunbar","Low","Low priority",2013-09-10 14:39:00,2013-09-10 14:39:00,0.00000,0.00000,0.00000,1,2013-09-07 16:03:00,0,,0,,"",""
1441,"GUI-ANO-657","NEW_GUI","Anomaly / Bug","Window don't have any logo during extraction in installation process.","","Not urgent",2013-09-07 09:18:00,"MDanyliuk","",,,"","","Windows 7","","QA-Framework","","OS: Windows 7 x86
Build: QA-Framework-1.0.0-1437-Win-RC3

Steps to Reproduce:
1. Run QA-Framework installation file
2. Verify extraction logo (see attachment)

Actual Result: Logo is absent
Expected Result: Window should have logo","","assigned","Daniel Dunbar","Low","Low priority",,,0.00000,0.00000,0.00000,1,2013-09-07 11:42:00,0,,0,,"",""
